productId,category,brand,model,sourceType,directSourceUrl,sourceCheckedAt,sourceLabel,sourceUrl,affiliateConfig,nextAction
"oneal-2srs","Helmet","O'Neal","2SRS","exact_retailer_editorial","https://www.motoworld.com.ph/collections/motorcycle/products/oneal-2srs-rush-v22-helmet","2026-10-05","Motoworld Philippines current O'Neal 2SRS listing","https://www.motoworld.com.ph/collections/motorcycle/products/oneal-2srs-rush-v22-helmet","no_mapping_in_repository_runtime_unknown","Create approved exact-item tracked link, then test mobile/desktop redirect"
"oneal-3srs","Helmet","O'Neal","3SRS","exact_retailer_editorial","https://shop.motoworld.com.ph/collections/oneal-motorcycle-helmets-motocross/products/oneal-3srs-vision-v24-mx-helmet","2026-10-05","Motoworld Philippines current O'Neal 3SRS listing","https://shop.motoworld.com.ph/collections/oneal-motorcycle-helmets-motocross/products/oneal-3srs-vision-v24-mx-helmet","no_mapping_in_repository_runtime_unknown","Create approved exact-item tracked link, then test mobile/desktop redirect"
"oneal-3srs-ii","Helmet","O'Neal","3SRS II","exact_retailer_editorial","https://www.motoworld.com.ph/products/oneal-3srs-ii-static-mx-helmet","2026-10-05","Motoworld Philippines current O'Neal 3SRS II listing","https://www.motoworld.com.ph/products/oneal-3srs-ii-static-mx-helmet","no_mapping_in_repository_runtime_unknown","Create approved exact-item tracked link, then test mobile/desktop redirect"
"studds-helios","Helmet","Studds","Helios","exact_retailer_editorial","https://www.motoworld.com.ph/products/studds-helios-motorcycle-fullface-helmet","2026-10-05","Motoworld Philippines current Studds Helios listing","https://www.motoworld.com.ph/products/studds-helios-motorcycle-fullface-helmet","no_mapping_in_repository_runtime_unknown","Create approved exact-item tracked link, then test mobile/desktop redirect"
"studds-trooper-sport","Helmet","Studds","Trooper Sport","exact_retailer_editorial","https://www.motoworld.com.ph/products/studds-trooper-sport-motorcycle-modular-helmet","2026-10-05","Motoworld Philippines current Studds Trooper Sport listing","https://www.motoworld.com.ph/products/studds-trooper-sport-motorcycle-modular-helmet","no_mapping_in_repository_runtime_unknown","Create approved exact-item tracked link, then test mobile/desktop redirect"
"scorpion-exo-r1-air-carbon","Helmet","Scorpion","EXO-R1 Air Carbon","exact_retailer_editorial","https://www.motoworld.com.ph/collections/moto-helmets/products/scorpion-exo-r1-air-carbon-motorcycle-full-face-helmet","2026-10-05","Motoworld Philippines current Scorpion EXO-R1 Air Carbon listing","https://www.motoworld.com.ph/collections/moto-helmets/products/scorpion-exo-r1-air-carbon-motorcycle-full-face-helmet","no_mapping_in_repository_runtime_unknown","Create approved exact-item tracked link, then test mobile/desktop redirect"
"scorpion-exo-adx-2","Helmet","Scorpion","EXO ADX-2","exact_retailer_editorial","https://www.motoworld.com.ph/products/scorpion-exo-adx-2-motorcycle-modular-helmet","2026-10-05","Motoworld Philippines current Scorpion EXO ADX-2 listing","https://www.motoworld.com.ph/products/scorpion-exo-adx-2-motorcycle-modular-helmet","no_mapping_in_repository_runtime_unknown","Create approved exact-item tracked link, then test mobile/desktop redirect"
"scorpion-exo-adf-9000-air","Helmet","Scorpion","EXO ADF-9000 Air","exact_retailer_editorial","https://shop.motoworld.com.ph/collections/helmets/products/scorpion-exo-adf-9000-air-motorcycle-adventure-helmet","2026-10-05","Motoworld Philippines current Scorpion EXO ADF-9000 Air listing","https://shop.motoworld.com.ph/collections/helmets/products/scorpion-exo-adf-9000-air-motorcycle-adventure-helmet","no_mapping_in_repository_runtime_unknown","Create approved exact-item tracked link, then test mobile/desktop redirect"
"scorpion-exo-covert-fx","Helmet","Scorpion","EXO Covert FX","exact_retailer_editorial","https://www.motoworld.com.ph/products/scorpion-covert-fx-mono-motorcycle-full-face-helmet","2026-10-05","Motoworld Philippines current Scorpion EXO Covert FX listing","https://www.motoworld.com.ph/products/scorpion-covert-fx-mono-motorcycle-full-face-helmet","no_mapping_in_repository_runtime_unknown","Create approved exact-item tracked link, then test mobile/desktop redirect"
"scorpion-covert-2","Helmet","Scorpion","Covert 2","exact_retailer_editorial","https://shop.motoworld.com.ph/collections/helmets/products/scorpion-covert-2-motorcycle-open-face-helmet","2026-10-05","Motoworld Philippines current Scorpion Covert 2 listing","https://shop.motoworld.com.ph/collections/helmets/products/scorpion-covert-2-motorcycle-open-face-helmet","no_mapping_in_repository_runtime_unknown","Create approved exact-item tracked link, then test mobile/desktop redirect"
"nolan-n120-1","Helmet","Nolan","N120-1","exact_retailer_editorial","https://www.motoworld.com.ph/products/nolan-n120-1-classic-modular-helmet","2026-10-05","Motoworld Philippines current Nolan N120-1 listing","https://www.motoworld.com.ph/products/nolan-n120-1-classic-modular-helmet","no_mapping_in_repository_runtime_unknown","Create approved exact-item tracked link, then test mobile/desktop redirect"
"nolan-n70-2-x","Helmet","Nolan","N70-2 X","exact_retailer_editorial","https://www.motoworld.com.ph/products/nolan-n70-2-x-special-crossover","2026-10-05","Motoworld Philippines current Nolan N70-2 X listing","https://www.motoworld.com.ph/products/nolan-n70-2-x-special-crossover","no_mapping_in_repository_runtime_unknown","Create approved exact-item tracked link, then test mobile/desktop redirect"
"nolan-n21-visor","Helmet","Nolan","N21 Visor","exact_retailer_editorial","https://www.motoworld.com.ph/products/nolan-n21-visor-dolce-vita-helmet","2026-10-05","Motoworld Philippines current Nolan N21 Visor listing","https://www.motoworld.com.ph/products/nolan-n21-visor-dolce-vita-helmet","no_mapping_in_repository_runtime_unknown","Create approved exact-item tracked link, then test mobile/desktop redirect"
"nolan-x-804rs-ultra-carbon","Helmet","Nolan","X-804RS Ultra Carbon","exact_retailer_editorial","https://shop.motoworld.com.ph/collections/brand-nolan/products/nolan-x-804rsuc-x-804rsuc-gold-edition-carbon-helmet","2026-10-05","Motoworld Philippines current Nolan X-804RS Ultra Carbon listing","https://shop.motoworld.com.ph/collections/brand-nolan/products/nolan-x-804rsuc-x-804rsuc-gold-edition-carbon-helmet","no_mapping_in_repository_runtime_unknown","Create approved exact-item tracked link, then test mobile/desktop redirect"
"nolan-x-552-ultra-carbon","Helmet","Nolan","X-552 Ultra Carbon","exact_retailer_editorial","https://shop.motoworld.com.ph/collections/brand-nolan/products/nolan-x-552-ultra-carbon-motorcycle-helmet","2026-10-05","Motoworld Philippines current Nolan X-552 Ultra Carbon listing","https://shop.motoworld.com.ph/collections/brand-nolan/products/nolan-x-552-ultra-carbon-motorcycle-helmet","no_mapping_in_repository_runtime_unknown","Create approved exact-item tracked link, then test mobile/desktop redirect"
"ryo-rf-4sv","Helmet","RYO","RF-4SV (FS-868)","exact_retailer_editorial","https://shop.motoworld.com.ph/collections/motosale/products/ryo-rf-4sv-motorcycle-full-face-helmet","2026-10-05","Motoworld Philippines current RYO RF-4SV listing","https://shop.motoworld.com.ph/collections/motosale/products/ryo-rf-4sv-motorcycle-full-face-helmet","no_mapping_in_repository_runtime_unknown","Create approved exact-item tracked link, then test mobile/desktop redirect"
"ryo-rf-5v","Helmet","RYO","RF-5V (FS-V8)","exact_retailer_editorial","https://www.motoworld.com.ph/collections/ryo-helmets/products/ryo-rf-5v-motorcycle-full-face-helemt-w-free-extra-visor","2026-10-05","Motoworld Philippines current RYO RF-5V listing","https://www.motoworld.com.ph/collections/ryo-helmets/products/ryo-rf-5v-motorcycle-full-face-helemt-w-free-extra-visor","no_mapping_in_repository_runtime_unknown","Create approved exact-item tracked link, then test mobile/desktop redirect"
"ryo-rf-6v","Helmet","RYO","RF-6V","exact_retailer_editorial","https://www.motoworld.com.ph/collections/ryo-helmets/products/ryo-rf-6v-motorcycle-full-face-helmet","2026-10-05","Motoworld Philippines current RYO RF-6V listing","https://www.motoworld.com.ph/collections/ryo-helmets/products/ryo-rf-6v-motorcycle-full-face-helmet","no_mapping_in_repository_runtime_unknown","Create approved exact-item tracked link, then test mobile/desktop redirect"
"ryo-ro-4sv","Helmet","RYO","RO-4SV (FS-766)","exact_retailer_editorial","https://www.motoworld.com.ph/products/ryo-ro-4sv-motorcycle-open-face-helmet","2026-10-05","Motoworld Philippines current RYO RO-4SV listing","https://www.motoworld.com.ph/products/ryo-ro-4sv-motorcycle-open-face-helmet","no_mapping_in_repository_runtime_unknown","Create approved exact-item tracked link, then test mobile/desktop redirect"
"evo-vxr-5000","Helmet","EVO","VXR-5000","exact_retailer_editorial","https://evohelmet.com/product/vxr-5000-vulcan/","2026-10-05","EVO Helmets current VXR-5000 product listings","https://evohelmet.com/product/vxr-5000-vulcan/","no_mapping_in_repository_runtime_unknown","Create approved exact-item tracked link, then test mobile/desktop redirect"
"evo-gt-sport","Helmet","EVO","GT-Sport","shopee_exact_editorial","https://shopee.ph/EVO-GT-SPORT-FULL-FACE-SINGLE-VISOR-WITH-FREE-CLEAR-LENS-i.13509377.40311803453","2026-10-05","Leks Motogears exact EVO GT-Sport listing","https://leksmotogears.com/product/evo-helmet-full-face-gt-sport-mono-matte-turquoise-blue/","no_mapping_in_repository_runtime_unknown","Create approved exact-item tracked link, then test mobile/desktop redirect"
"evo-xt-300-riot-ii","Helmet","EVO","XT-300 Riot II","exact_retailer_editorial","https://evohelmet.com/product/xt-300-riot-ii/","2026-10-05","EVO Helmets official XT-300 Riot II product page","https://evohelmet.com/product/xt-300-riot-ii/","no_mapping_in_repository_runtime_unknown","Create approved exact-item tracked link, then test mobile/desktop redirect"
"evo-gx-1","Helmet","EVO","GX-1","needs_exact_retailer_listing","","2026-10-05","EVO Helmets current GX-1 listings","https://evohelmet.com/product/page/2/","no_mapping_in_repository_runtime_unknown","Find and verify a model-specific merchant item URL"
"evo-dx-7","Helmet","EVO","DX-7","shopee_exact_editorial","https://shopee.ph/EVO-DX-7-MONO-DUAL-VISOR-DUAL-SPORT-HELMET-W-FREE-CLEAR-LENS-i.53706460.24257565686","2026-10-05","Current EVO DX-7 exact seller listing","https://shopee.ph/EVO-DX-7-MONO-DUAL-VISOR-DUAL-SPORT-HELMET-W-FREE-CLEAR-LENS-i.53706460.24257565686","no_mapping_in_repository_runtime_unknown","Create approved exact-item tracked link, then test mobile/desktop redirect"
"evo-gsx3000-v2","Helmet","EVO","GSX3000 v2","exact_retailer_editorial","https://evohelmet.com/product/gsx3000v2/","2026-10-05","EVO Helmets official GSX3000 v2 product page","https://evohelmet.com/product/gsx3000v2/","no_mapping_in_repository_runtime_unknown","Create approved exact-item tracked link, then test mobile/desktop redirect"
"sec-windstorm-v3","Helmet","SEC","Windstorm V3","exact_retailer_editorial","https://secmotosupply.com/products/i009657","2026-10-05","SEC Motosupply current Windstorm V3 listing","https://secmotosupply.com/products/i009657","no_mapping_in_repository_runtime_unknown","Create approved exact-item tracked link, then test mobile/desktop redirect"
"sec-whirlwind","Helmet","SEC","Whirlwind","exact_retailer_editorial","https://secmotosupply.com/products/i015684","2026-10-05","SEC Motosupply current Whirlwind listing","https://secmotosupply.com/products/i015684","no_mapping_in_repository_runtime_unknown","Create approved exact-item tracked link, then test mobile/desktop redirect"
"sec-rise-v2","Helmet","SEC","Rise V2","exact_retailer_editorial","https://secmotosupply.com/products/i009639","2026-10-05","SEC Motosupply current Rise V2 listing","https://secmotosupply.com/products/i009639","no_mapping_in_repository_runtime_unknown","Create approved exact-item tracked link, then test mobile/desktop redirect"
"sec-element","Helmet","SEC","Element","exact_retailer_editorial","https://secmotosupply.com/collections/modular-helmets/products/i015681","2026-10-05","SEC Motosupply current Element listing","https://secmotosupply.com/collections/modular-helmets/products/i015681","no_mapping_in_repository_runtime_unknown","Create approved exact-item tracked link, then test mobile/desktop redirect"
"sec-surge","Helmet","SEC","Surge","exact_retailer_editorial","https://secmotosupply.com/products/i008329","2026-10-05","SEC Motosupply current Surge listing","https://secmotosupply.com/products/i008329","no_mapping_in_repository_runtime_unknown","Create approved exact-item tracked link, then test mobile/desktop redirect"
"sec-dynasty","Helmet","SEC","Dynasty","exact_retailer_editorial","https://secmotosupply.com/products/i014880","2026-10-05","SEC Motosupply current Dynasty listing","https://secmotosupply.com/products/i014880","no_mapping_in_repository_runtime_unknown","Create approved exact-item tracked link, then test mobile/desktop redirect"
"sec-sportgrade-v2","Helmet","SEC","Sportgrade V2","exact_retailer_editorial","https://secmotosupply.com/products/i010641","2026-10-05","SEC Motosupply current Sportgrade V2 listing","https://secmotosupply.com/products/i010641","no_mapping_in_repository_runtime_unknown","Create approved exact-item tracked link, then test mobile/desktop redirect"
"sec-ace","Helmet","SEC","ACE","exact_retailer_editorial","https://secmotosupply.com/products/i011583","2026-10-05","SEC Motosupply current ACE Sport listing","https://secmotosupply.com/products/i011583","no_mapping_in_repository_runtime_unknown","Create approved exact-item tracked link, then test mobile/desktop redirect"
"kyt-skyhawk","Helmet","KYT","Skyhawk","needs_exact_retailer_listing","","2026-09-09","KYT official Skyhawk specifications","https://kytasia.com/skyhawk/","no_mapping_in_repository_runtime_unknown","Find and verify a model-specific merchant item URL"
"kyt-tt-course","Helmet","KYT","TT-Course","exact_retailer_editorial","https://pieza.ph/product/kyt-tt-course/","2026-08-24","KYT Asia official TT-Course specifications","https://kytasia.com/tt-course/","no_mapping_in_repository_runtime_unknown","Create approved exact-item tracked link, then test mobile/desktop redirect"
"kyt-r2r","Helmet","KYT","R2R","needs_exact_retailer_listing","","2026-08-24","KYT Asia official R2R specifications","https://kytasia.com/en/r2r/","no_mapping_in_repository_runtime_unknown","Find and verify a model-specific merchant item URL"
"kyt-tt-revo","Helmet","KYT","TT-Revo","needs_exact_retailer_listing","","2026-08-24","KYT Asia official TT-Revo specifications","https://kytasia.com/tt-revo/","no_mapping_in_repository_runtime_unknown","Find and verify a model-specific merchant item URL"
"spyder-surge-v2","Helmet","Spyder","Surge Plain V2","exact_retailer_editorial","https://www.teamspyder.com/products/spyder-surge-p-plain-v2","2026-09-09","Team Spyder official Surge Plain V2 product page","https://www.teamspyder.com/products/spyder-surge-p-plain-v2","no_mapping_in_repository_runtime_unknown","Create approved exact-item tracked link, then test mobile/desktop redirect"
"spyder-corsa-v2","Helmet","Spyder","Corsa Plain V2","exact_retailer_editorial","https://www.teamspyder.com/products/spyder-corsa-plain-v2","2026-09-09","Team Spyder official Corsa Plain V2 product page","https://www.teamspyder.com/products/spyder-corsa-plain-v2","no_mapping_in_repository_runtime_unknown","Create approved exact-item tracked link, then test mobile/desktop redirect"
"spyder-fury-rapid-s8","Helmet","Spyder","Fury Rapid S8","exact_retailer_editorial","https://www.teamspyder.com/products/spyder-fury-rapid-s8","2026-08-24","Team Spyder official product page","https://www.teamspyder.com/products/spyder-fury-rapid-s8","no_mapping_in_repository_runtime_unknown","Create approved exact-item tracked link, then test mobile/desktop redirect"
"kyt-kx-1-race-gp","Helmet","KYT","KX-1 Race GP","needs_exact_retailer_listing","","2026-09-04","KYT Asia official KX-1 Race GP specifications","https://kytasia.com/kx-1-race-gp/","no_mapping_in_repository_runtime_unknown","Find and verify a model-specific merchant item URL"
"kyt-nz-race","Helmet","KYT","NZ Race","needs_exact_retailer_listing","","2026-09-04","KYT Asia official NZ Race specifications","https://kytasia.com/nz-race/","no_mapping_in_repository_runtime_unknown","Find and verify a model-specific merchant item URL"
"kyt-r1r","Helmet","KYT","R1R","needs_exact_retailer_listing","","2026-09-04","KYT Asia official R1R specifications","https://kytasia.com/r1r/","no_mapping_in_repository_runtime_unknown","Find and verify a model-specific merchant item URL"
"kyt-ttr-jet","Helmet","KYT","TTR-Jet","needs_exact_retailer_listing","","2026-09-04","KYT Asia official TTR-Jet specifications","https://kytasia.com/ttr-jet/","no_mapping_in_repository_runtime_unknown","Find and verify a model-specific merchant item URL"
"kyt-d-city","Helmet","KYT","D-City","needs_exact_retailer_listing","","2026-09-04","KYT Asia official D-City specifications","https://kytasia.com/d-city/","no_mapping_in_repository_runtime_unknown","Find and verify a model-specific merchant item URL"
"kyt-ballistic","Helmet","KYT","Ballistic","needs_exact_retailer_listing","","2026-09-04","KYT Asia official Ballistic specifications","https://kytasia.com/ballistic/","no_mapping_in_repository_runtime_unknown","Find and verify a model-specific merchant item URL"
"evo-m2","Helmet","EVO","M2","exact_retailer_editorial","https://evohelmet.com/product/m2-mono-colors/","2026-09-04","EVO Helmets official M2 Mono Colors product page","https://evohelmet.com/product/m2-mono-colors/","no_mapping_in_repository_runtime_unknown","Create approved exact-item tracked link, then test mobile/desktop redirect"
"evo-vxr-8000","Helmet","EVO","VXR-8000","exact_retailer_editorial","https://evohelmet.com/product/vxr-8000-fraction/","2026-09-04","EVO Helmets official VXR-8000 Fraction product page","https://evohelmet.com/product/vxr-8000-fraction/","no_mapping_in_repository_runtime_unknown","Create approved exact-item tracked link, then test mobile/desktop redirect"
"evo-sr-09","Helmet","EVO","SR-09","exact_retailer_editorial","https://evohelmet.com/product/sr-09-tatakai/","2026-09-04","EVO Helmets official SR-09 Tatakai product page","https://evohelmet.com/product/sr-09-tatakai/","no_mapping_in_repository_runtime_unknown","Create approved exact-item tracked link, then test mobile/desktop redirect"
"evo-tr-x","Helmet","EVO","TR-X","exact_retailer_editorial","https://evohelmet.com/product/tr-x-ravine/","2026-09-04","EVO Helmets official TR-X Ravine product page","https://evohelmet.com/product/tr-x-ravine/","no_mapping_in_repository_runtime_unknown","Create approved exact-item tracked link, then test mobile/desktop redirect"
"spyder-neo-icon","Helmet","Spyder","Neo Icon","exact_retailer_editorial","https://www.teamspyder.com/products/neo-icon-plain","2026-09-04","Team Spyder official Neo Icon Plain product page","https://www.teamspyder.com/products/neo-icon-plain","no_mapping_in_repository_runtime_unknown","Create approved exact-item tracked link, then test mobile/desktop redirect"
"spyder-neo-blade","Helmet","Spyder","Neo Blade","exact_retailer_editorial","https://www.teamspyder.com/products/neo-blade-plain","2026-09-04","Team Spyder official Neo Blade Plain product page","https://www.teamspyder.com/products/neo-blade-plain","no_mapping_in_repository_runtime_unknown","Create approved exact-item tracked link, then test mobile/desktop redirect"
"spyder-reboot-2","Helmet","Spyder","Reboot 2.0","exact_retailer_editorial","https://www.teamspyder.com/products/spyder-reboot2-0-p-s0-v2","2026-09-04","Team Spyder official Reboot 2.0 Plain V2 product page","https://www.teamspyder.com/products/spyder-reboot2-0-p-s0-v2","no_mapping_in_repository_runtime_unknown","Create approved exact-item tracked link, then test mobile/desktop redirect"
"spyder-neo-ace","Helmet","Spyder","Neo Ace","exact_retailer_editorial","https://www.teamspyder.com/products/neo-ace-plain-s0","2026-08-24","Team Spyder official Neo Ace product page","https://www.teamspyder.com/products/neo-ace-plain-s0","no_mapping_in_repository_runtime_unknown","Create approved exact-item tracked link, then test mobile/desktop redirect"
"spyder-recon-2","Helmet","Spyder","Recon 2.0 Plain A+","exact_retailer_editorial","https://www.teamspyder.com/products/spyder-recon2-plain-a","2026-08-24","Team Spyder official Recon 2.0 product page","https://www.teamspyder.com/products/spyder-recon2-plain-a","no_mapping_in_repository_runtime_unknown","Create approved exact-item tracked link, then test mobile/desktop redirect"
"spyder-force-v2","Helmet","Spyder","Force+ Plain V2","exact_retailer_editorial","https://www.teamspyder.com/products/spyder-force-pd-s0-v2","2026-09-09","Team Spyder official Force+ Plain V2 product page","https://www.teamspyder.com/products/spyder-force-pd-s0-v2","no_mapping_in_repository_runtime_unknown","Create approved exact-item tracked link, then test mobile/desktop redirect"
"spyder-rogue-plus-v2","Helmet","Spyder","Rogue+ Plain V2","exact_retailer_editorial","https://www.teamspyder.com/products/spyder-rogue-pd-plain-vesion2","2026-09-09","Team Spyder official Rogue+ Plain V2 product page","https://www.teamspyder.com/products/spyder-rogue-pd-plain-vesion2","no_mapping_in_repository_runtime_unknown","Create approved exact-item tracked link, then test mobile/desktop redirect"
"spyder-shift-plus","Helmet","Spyder","Shift+ Plain","exact_retailer_editorial","https://www.teamspyder.com/products/shift-plain","2026-09-09","Team Spyder official Shift+ Plain product page","https://www.teamspyder.com/products/shift-plain","no_mapping_in_repository_runtime_unknown","Create approved exact-item tracked link, then test mobile/desktop redirect"
"spyder-nf1","Helmet","Spyder","NF1 Plain","exact_retailer_editorial","https://www.teamspyder.com/products/neo-nf1-plain-s0","2026-09-09","Team Spyder official NF1 Plain product page","https://www.teamspyder.com/products/neo-nf1-plain-s0","no_mapping_in_repository_runtime_unknown","Create approved exact-item tracked link, then test mobile/desktop redirect"
"gille-kerena-ff007","Helmet","Gille","Kerena FF007","shopee_exact_editorial","https://shopee.ph/Gille-FF007-Kerena-Full-Face-Motorcycle-Helmet-with-Revo-Lens-and-Single-Visor-i.505955057.25840894725","2026-09-09","Gille Helmets Mall current Kerena FF007 listing","https://shopee.ph/Gille-FF007-Kerena-Full-Face-Motorcycle-Helmet-with-Revo-Lens-and-Single-Visor-i.505955057.25840894725","no_mapping_in_repository_runtime_unknown","Create approved exact-item tracked link, then test mobile/desktop redirect"
"gille-gts-v1-135","Helmet","Gille","GTS V1 135","exact_retailer_editorial","https://gbrands.ph/shop/gille-gts-v1-135-android/","2026-09-09","Gbrands Philippines Gille GTS V1 135 listing","https://gbrands.ph/shop/gille-gts-v1-135-android/","no_mapping_in_repository_runtime_unknown","Create approved exact-item tracked link, then test mobile/desktop redirect"
"gille-circuit-ff012","Helmet","Gille","Circuit FF012","shopee_exact_editorial","https://shopee.ph/GILLE-FF012-CIRCUIT-With-REVO-Visor-Plain-Color-Motorcycle-Helmet-Full-Face-Dual-Visor-With-Keychain-i.505955057.28158733710","2026-09-09","Gille Helmets Mall current Circuit FF012 listing","https://shopee.ph/GILLE-FF012-CIRCUIT-With-REVO-Visor-Plain-Color-Motorcycle-Helmet-Full-Face-Dual-Visor-With-Keychain-i.505955057.28158733710","no_mapping_in_repository_runtime_unknown","Create approved exact-item tracked link, then test mobile/desktop redirect"
"gille-gvr-v1-172","Helmet","Gille","GVR-V1 172","shopee_exact_editorial","https://shopee.ph/Gille-Helmet-172-GVR-V1-PLAIN-Motorcycle-Half-Face-Helmet-Dual-Visor-With-Keychain-i.505955057.13220557840","2026-09-09","Gille Helmets Mall current GVR-V1 172 listing","https://shopee.ph/Gille-Helmet-172-GVR-V1-PLAIN-Motorcycle-Half-Face-Helmet-Dual-Visor-With-Keychain-i.505955057.13220557840","no_mapping_in_repository_runtime_unknown","Create approved exact-item tracked link, then test mobile/desktop redirect"
"gille-squadron-ym-926","Helmet","Gille","Squadron YM-926","shopee_exact_editorial","https://shopee.ph/GILLE-YM-926-SQUADRON-Enduro-Dual-Visor-Dual-Sport-Offroad-Motocross-Motorcycle-Helmet-i.505955057.19141375373","2026-09-09","Gille Helmets Mall current Squadron YM-926 listing","https://shopee.ph/GILLE-YM-926-SQUADRON-Enduro-Dual-Visor-Dual-Sport-Offroad-Motocross-Motorcycle-Helmet-i.505955057.19141375373","no_mapping_in_repository_runtime_unknown","Create approved exact-item tracked link, then test mobile/desktop redirect"
"gille-gxr-sh-526","Helmet","Gille","GXR SH-526","shopee_exact_editorial","https://shopee.ph/product/505955057/19111260810","2026-09-09","Gille Helmets Mall current GXR SH-526 listing","https://shopee.ph/product/505955057/19111260810","no_mapping_in_repository_runtime_unknown","Create approved exact-item tracked link, then test mobile/desktop redirect"
"gille-inizio-833","Helmet","Gille","Inizio 833","exact_retailer_editorial","https://motomaster.ph/products/gille-ym-833-inizio-plain","2026-09-09","Moto Master Philippines Gille YM-833 Inizio product page","https://motomaster.ph/products/gille-ym-833-inizio-plain","no_mapping_in_repository_runtime_unknown","Create approved exact-item tracked link, then test mobile/desktop redirect"
"gille-orion-af-10","Helmet","Gille","Orion AF-10","shopee_exact_editorial","https://shopee.ph/GILLE-AF-10-ORION-full-face-modular-helmet-motorcycle-dual-visors-for-woman-men-With-REVO-LENS-i.1491484608.43713581914","2026-09-09","Current Philippine Gille Orion AF-10 retail listing","https://shopee.ph/GILLE-AF-10-ORION-full-face-modular-helmet-motorcycle-dual-visors-for-woman-men-With-REVO-LENS-i.1491484608.43713581914","no_mapping_in_repository_runtime_unknown","Create approved exact-item tracked link, then test mobile/desktop redirect"
"gille-paragon-ah-16","Helmet","Gille","Paragon AH-16","shopee_exact_editorial","https://shopee.ph/GILLE-AH-16-PARAGON-Two-Tone-Dual-Visor-Modular-Motorcycle-Helmet-i.505955057.42624608807","2026-09-09","Gille Helmets Mall current Paragon AH-16 listing","https://shopee.ph/GILLE-AH-16-PARAGON-Two-Tone-Dual-Visor-Modular-Motorcycle-Helmet-i.505955057.42624608807","no_mapping_in_repository_runtime_unknown","Create approved exact-item tracked link, then test mobile/desktop redirect"
"gille-883-falcon","Helmet","Gille","883 Falcon","exact_retailer_editorial","https://kranosgears.com/products/gille-883-falcon-dc-series-superman-free-clear-lens-spoiler-dual-visor","2026-09-07","Kranos Gears current Gille 883 Falcon listing","https://kranosgears.com/products/gille-883-falcon-dc-series-superman-free-clear-lens-spoiler-dual-visor","no_mapping_in_repository_runtime_unknown","Create approved exact-item tracked link, then test mobile/desktop redirect"
"gille-astral","Helmet","Gille","Astral","shopee_exact_editorial","https://shopee.ph/GILLE-ASTRAL-Plain-Color-Motorcycle-Helmet-Full-Face-Dual-Visor-With-Keychain-i.505955057.25015970279","2026-10-05","Gille Helmets Mall official Shopee listing for Astral","https://shopee.ph/GILLE-ASTRAL-Plain-Color-Motorcycle-Helmet-Full-Face-Dual-Visor-With-Keychain-i.505955057.25015970279","no_mapping_in_repository_runtime_unknown","Create approved exact-item tracked link, then test mobile/desktop redirect"
"gille-astral-pro","Helmet","Gille","Astral Pro","shopee_exact_editorial","https://shopee.ph/GILLE-ASTRAL-PRO-Full-Face-Dual-Visor-Motorcycle-Helmet-i.505955057.28482526381","2026-10-05","Gille Helmets Mall official Shopee listing for Astral Pro","https://shopee.ph/GILLE-ASTRAL-PRO-Full-Face-Dual-Visor-Motorcycle-Helmet-i.505955057.28482526381","no_mapping_in_repository_runtime_unknown","Create approved exact-item tracked link, then test mobile/desktop redirect"
"gille-vertix-z501","Helmet","Gille","ILM-Z501 Vertix","exact_retailer_editorial","https://kranosgears.com/products/gille-ilm-z501-vertix-plain-gray-dual-visor","2026-08-24","Kranos Gears current Gille ILM-Z501 Vertix listing","https://kranosgears.com/products/gille-ilm-z501-vertix-plain-gray-dual-visor","no_mapping_in_repository_runtime_unknown","Create approved exact-item tracked link, then test mobile/desktop redirect"
"gille-135","Helmet","Gille","135 Two Tone","exact_retailer_editorial","https://kranosgears.com/products/gille-135-two-tone-black-white-dual-visor","2026-09-07","Kranos Gears current Gille 135 Two Tone listing","https://kranosgears.com/products/gille-135-two-tone-black-white-dual-visor","no_mapping_in_repository_runtime_unknown","Create approved exact-item tracked link, then test mobile/desktop redirect"
"gille-843-circuit","Helmet","Gille","843 Circuit","exact_retailer_editorial","https://kranosgears.com/products/gille-843-circuit-matte-gray-dual-visor","2026-09-07","Kranos Gears current Gille 843 Circuit listing","https://kranosgears.com/products/gille-843-circuit-matte-gray-dual-visor","no_mapping_in_repository_runtime_unknown","Create approved exact-item tracked link, then test mobile/desktop redirect"
"gille-863-medusa","Helmet","Gille","863 Medusa Forged","exact_retailer_editorial","https://kranosgears.com/products/gille-863-medusa-forged-free-clear-lens-with-spoiler-dual-visor","2026-09-07","Kranos Gears current Gille 863 Medusa Forged listing","https://kranosgears.com/products/gille-863-medusa-forged-free-clear-lens-with-spoiler-dual-visor","no_mapping_in_repository_runtime_unknown","Create approved exact-item tracked link, then test mobile/desktop redirect"
"gille-873-celeste","Helmet","Gille","873 Celeste Forged","exact_retailer_editorial","https://kranosgears.com/products/gille-873-celeste-forged-free-clear-lens-with-spoiler-dual-visor-copy","2026-09-07","Kranos Gears current Gille 873 Celeste Forged listing","https://kranosgears.com/products/gille-873-celeste-forged-free-clear-lens-with-spoiler-dual-visor-copy","no_mapping_in_repository_runtime_unknown","Create approved exact-item tracked link, then test mobile/desktop redirect"
"gille-a118-2-adira","Helmet","Gille","A118-2 Adira","exact_retailer_editorial","https://kranosgears.com/products/gille-a118-2-adira-matte-black-revo-red-lens-dual-visor-with-free-clear-lens","2026-09-07","Kranos Gears current Gille A118-2 Adira listing","https://kranosgears.com/products/gille-a118-2-adira-matte-black-revo-red-lens-dual-visor-with-free-clear-lens","no_mapping_in_repository_runtime_unknown","Create approved exact-item tracked link, then test mobile/desktop redirect"
"gille-a5009-phoenix","Helmet","Gille","A5009 Phoenix","exact_retailer_editorial","https://kranosgears.com/products/gille-a5009-phoenix-gray-revo-gold-lens-dual-visor","2026-09-07","Kranos Gears current Gille A5009 Phoenix listing","https://kranosgears.com/products/gille-a5009-phoenix-gray-revo-gold-lens-dual-visor","no_mapping_in_repository_runtime_unknown","Create approved exact-item tracked link, then test mobile/desktop redirect"
"gille-adira-eclipse","Helmet","Gille","Adira Eclipse","exact_retailer_editorial","https://kranosgears.com/products/gille-adira-eclipse-matte-black-red-with-free-clear-lens-dual-visor","2026-09-07","Kranos Gears current Gille Adira Eclipse listing","https://kranosgears.com/products/gille-adira-eclipse-matte-black-red-with-free-clear-lens-dual-visor","no_mapping_in_repository_runtime_unknown","Create approved exact-item tracked link, then test mobile/desktop redirect"
"zebra-atlas-2026","Helmet","Zebra","Atlas 2026","shopee_exact_editorial","https://shopee.ph/ZEBRA-ATLAS-2026-FULL-FACE-DUAL-VISOR-HELMET-i.222908087.14041913386","2026-08-26","Current Philippine Zebra Atlas 2026 seller listing","https://shopee.ph/ZEBRA-ATLAS-2026-FULL-FACE-DUAL-VISOR-HELMET-i.222908087.14041913386","no_mapping_in_repository_runtime_unknown","Create approved exact-item tracked link, then test mobile/desktop redirect"
"zebra-a113-ritzy","Helmet","Zebra","A113 Ritzy","shopee_exact_editorial","https://shopee.ph/ZEBRA-A113-RITZY-modular-dual-visor-helmet-motorcycle-helmet-full-face-for-men-and-woman-with-icc-i.1491484608.27081701006","2026-08-26","Current Philippine Zebra A113 Ritzy seller listing","https://shopee.ph/ZEBRA-A113-RITZY-modular-dual-visor-helmet-motorcycle-helmet-full-face-for-men-and-woman-with-icc-i.1491484608.27081701006","no_mapping_in_repository_runtime_unknown","Create approved exact-item tracked link, then test mobile/desktop redirect"
"zebra-alistair-2024","Helmet","Zebra","Alistair 2024","exact_retailer_editorial","https://leksmotogears.com/product/zebra-helmet-full-face-2024-alistair-matte-grey/","2026-08-26","Leks Motogears current Zebra Alistair listing with marketplace cross-check","https://leksmotogears.com/product/zebra-helmet-full-face-2024-alistair-matte-grey/","no_mapping_in_repository_runtime_unknown","Create approved exact-item tracked link, then test mobile/desktop redirect"
"evo-gt-pro-rr","Helmet","EVO","GT-Pro RR","exact_retailer_editorial","https://evohelmet.com/product/gt-pro-rr/","2026-08-24","EVO Helmets official GT-Pro RR product page","https://evohelmet.com/product/gt-pro-rr/","no_mapping_in_repository_runtime_unknown","Create approved exact-item tracked link, then test mobile/desktop redirect"
"evo-sr-x-mono","Helmet","EVO","SR-X Mono Colors","needs_exact_retailer_listing","","2026-08-24","EVO Helmets official SR-X Mono Colors product page","https://evohelmet.com/product/s/","no_mapping_in_repository_runtime_unknown","Find and verify a model-specific merchant item URL"
"evo-tourer","Helmet","EVO","Tourer 180° Flip","exact_retailer_editorial","https://evohelmet.com/product/tourer-mono-color/","2026-08-24","EVO Helmets official Tourer product page","https://evohelmet.com/product/tourer-mono-color/","no_mapping_in_repository_runtime_unknown","Create approved exact-item tracked link, then test mobile/desktop redirect"
"sec-odyssey","Helmet","SEC","Odyssey","exact_retailer_editorial","https://secmotosupply.com/products/i014787","2026-08-24","SEC Motosupply official Odyssey product listing","https://secmotosupply.com/products/i014787","no_mapping_in_repository_runtime_unknown","Create approved exact-item tracked link, then test mobile/desktop redirect"
"sec-breach","Helmet","SEC","Breach","exact_retailer_editorial","https://secmotosupply.com/products/i009686","2026-08-24","SEC Motosupply official Breach product listing","https://secmotosupply.com/products/i009686","no_mapping_in_repository_runtime_unknown","Create approved exact-item tracked link, then test mobile/desktop redirect"
"sec-pilot-2025","Helmet","SEC","Pilot 2025","exact_retailer_editorial","https://secmotosupply.com/products/i015669","2026-08-24","SEC Motosupply official Pilot 2025 product listing","https://secmotosupply.com/products/i015669","no_mapping_in_repository_runtime_unknown","Create approved exact-item tracked link, then test mobile/desktop redirect"
"sec-carbon-mamba","Helmet","SEC","Carbon Mamba","exact_retailer_editorial","https://secmotosupply.com/collections/helmets/products/i010207","2026-09-07","SEC Motosupply official Carbon Mamba product listing","https://secmotosupply.com/collections/helmets/products/i010207","no_mapping_in_repository_runtime_unknown","Create approved exact-item tracked link, then test mobile/desktop redirect"
"sec-carbon-chronos","Helmet","SEC","Carbon Chronos","exact_retailer_editorial","https://secmotosupply.com/collections/helmets/products/i010201","2026-09-07","SEC Motosupply official Carbon Chronos product listing","https://secmotosupply.com/collections/helmets/products/i010201","no_mapping_in_repository_runtime_unknown","Create approved exact-item tracked link, then test mobile/desktop redirect"
"sec-nomad","Helmet","SEC","Nomad","exact_retailer_editorial","https://secmotosupply.com/collections/helmets/products/sec-nomad-solid-carbon","2026-09-07","SEC Motosupply official Nomad product listing","https://secmotosupply.com/collections/helmets/products/sec-nomad-solid-carbon","no_mapping_in_repository_runtime_unknown","Create approved exact-item tracked link, then test mobile/desktop redirect"
"sec-atmos","Helmet","SEC","ATMOS Scorpio","exact_retailer_editorial","https://secmotosupply.com/collections/helmets/products/i014974","2026-09-07","SEC Motosupply official ATMOS Scorpio product listing","https://secmotosupply.com/collections/helmets/products/i014974","no_mapping_in_repository_runtime_unknown","Create approved exact-item tracked link, then test mobile/desktop redirect"
"sec-saga","Helmet","SEC","SAGA","exact_retailer_editorial","https://secmotosupply.com/collections/helmets/products/i012918","2026-09-07","SEC Motosupply official SAGA product listing","https://secmotosupply.com/collections/helmets/products/i012918","no_mapping_in_repository_runtime_unknown","Create approved exact-item tracked link, then test mobile/desktop redirect"
"rook-v152-mono","Helmet","Rook","V152 Mono","exact_retailer_editorial","https://teamgraphitee.com/shop/rook-v152-mono-colors/","2026-08-24","Team Graphitee Rook V152 Mono listing","https://teamgraphitee.com/shop/rook-v152-mono-colors/","no_mapping_in_repository_runtime_unknown","Create approved exact-item tracked link, then test mobile/desktop redirect"
"hjc-f71","Helmet","HJC","F71","needs_exact_retailer_listing","","2026-09-09","HJC Europe official F71 product page","https://hjchelmets.eu/pages/f71-full-face-fiberglass-motorcycle-helmet","no_mapping_in_repository_runtime_unknown","Find and verify a model-specific merchant item URL"
"hjc-rpha-12","Helmet","HJC","RPHA 12","needs_exact_retailer_listing","","2026-09-09","HJC official RPHA 12 product page","https://hjchelmets.us/products/rpha-12-solid","no_mapping_in_repository_runtime_unknown","Find and verify a model-specific merchant item URL"
"hjc-rpha-91","Helmet","HJC","RPHA 91","needs_exact_retailer_listing","","2026-09-09","HJC official RPHA 91 product page","https://hjchelmets.us/pages/rpha-91","no_mapping_in_repository_runtime_unknown","Find and verify a model-specific merchant item URL"
"hjc-c10","Helmet","HJC","C10","exact_retailer_editorial","https://www.tenplus.ph/products/hjc-helmets-c10-flatblack","2026-08-24","HJC official C10 specifications","https://hjchelmets.eu/pages/c10-ull-face-sporty-motorcycle-helmet","no_mapping_in_repository_runtime_unknown","Create approved exact-item tracked link, then test mobile/desktop redirect"
"hjc-i71","Helmet","HJC","i71","exact_retailer_editorial","https://www.tenplus.ph/products/hjc-helmets-i71-flat-black","2026-08-24","HJC official i71 specifications","https://hjchelmets.eu/fr/pages/i71-full-face-motorcycle-helmet-hjc","no_mapping_in_repository_runtime_unknown","Create approved exact-item tracked link, then test mobile/desktop redirect"
"hjc-i31","Helmet","HJC","i31","exact_retailer_editorial","https://www.tenplus.ph/products/hjc-helmets-i31-semiflatblack","2026-08-24","HJC official i31 specifications","https://hjchelmets.eu/pages/i31-open-face-jet-motorcycle-helmet","no_mapping_in_repository_runtime_unknown","Create approved exact-item tracked link, then test mobile/desktop redirect"
"agv-pista-gp-rr","Helmet","AGV","Pista GP RR","needs_exact_retailer_listing","","2026-09-09","AGV official Pista GP RR product page","https://www.agv.com/us/en/pista-gp-rr.html","no_mapping_in_repository_runtime_unknown","Find and verify a model-specific merchant item URL"
"agv-k7","Helmet","AGV","K7","needs_exact_retailer_listing","","2026-09-09","AGV official K7 collection page","https://www.agv.com/us/en/full-face/k7/","no_mapping_in_repository_runtime_unknown","Find and verify a model-specific merchant item URL"
"agv-ax9","Helmet","AGV","AX9","needs_exact_retailer_listing","","2026-09-09","AGV official AX9 product page","https://www.agv.com/us/en/full-face/ax9/","no_mapping_in_repository_runtime_unknown","Find and verify a model-specific merchant item URL"
"agv-tourmodular","Helmet","AGV","Tourmodular","needs_exact_retailer_listing","","2026-09-09","AGV official Tourmodular technical page","https://www.agv.com/us/en/tourmodular/tourmodular.html","no_mapping_in_repository_runtime_unknown","Find and verify a model-specific merchant item URL"
"agv-k1-s","Helmet","AGV","K1 S","needs_exact_retailer_listing","","2026-08-24","AGV official K1 S specifications","https://www.agv.com/us/en/k1-s.html","no_mapping_in_repository_runtime_unknown","Find and verify a model-specific merchant item URL"
"agv-k3","Helmet","AGV","K3","exact_retailer_editorial","https://www.motoworld.com.ph/products/agv-k3-mono-helmet","2026-08-24","Motoworld Philippines AGV K3 product and specification listing","https://www.motoworld.com.ph/products/agv-k3-mono-helmet","no_mapping_in_repository_runtime_unknown","Create approved exact-item tracked link, then test mobile/desktop redirect"
"agv-k6-s","Helmet","AGV","K6 S","needs_exact_retailer_listing","","2026-08-24","AGV official K6 S specifications","https://www.agv.com/ee/en/k6-s.html","no_mapping_in_repository_runtime_unknown","Find and verify a model-specific merchant item URL"
"agv-eteres","Helmet","AGV","Eteres","exact_retailer_editorial","https://www.motoworld.com.ph/products/agv-eteres-mono-motorcycle-open-face-helmet","2026-08-24","Motoworld Philippines AGV Eteres specification listing","https://www.motoworld.com.ph/products/agv-eteres-mono-motorcycle-open-face-helmet","no_mapping_in_repository_runtime_unknown","Create approved exact-item tracked link, then test mobile/desktop redirect"
"agv-streetmodular","Helmet","AGV","Streetmodular","exact_retailer_editorial","https://www.motoworld.com.ph/products/agv-streetmodular-full-face-helmet","2026-08-24","Motoworld Philippines AGV Streetmodular specification listing","https://www.motoworld.com.ph/products/agv-streetmodular-full-face-helmet","no_mapping_in_repository_runtime_unknown","Create approved exact-item tracked link, then test mobile/desktop redirect"
"hnj-a119","Helmet","HNJ","A119","exact_retailer_editorial","https://kranosgears.com/products/hnj-a119-matte-honda-gray-modular-dual-visor","2026-08-26","Kranos Gears current HNJ A119 Philippine listing","https://kranosgears.com/products/hnj-a119-matte-honda-gray-modular-dual-visor","no_mapping_in_repository_runtime_unknown","Create approved exact-item tracked link, then test mobile/desktop redirect"
"hnj-983","Helmet","HNJ","983","shopee_exact_editorial","https://shopee.ph/HNJ-983-Motorcycle-Full-Face-Helmet-dual-visor-For-men-and-women-Black-Inner-Visor-i.556691608.29107359226","2026-08-26","Current Philippine HNJ 983 marketplace listing","https://shopee.ph/HNJ-983-Motorcycle-Full-Face-Helmet-dual-visor-For-men-and-women-Black-Inner-Visor-i.556691608.29107359226","no_mapping_in_repository_runtime_unknown","Create approved exact-item tracked link, then test mobile/desktop redirect"
"shark-skwal-i3","Helmet","Shark","Skwal i3","needs_exact_retailer_listing","","2026-09-09","Shark official Skwal i3 product page","https://www.shark-helmets.com/en/products/skwal-i3-gang-he0835ekar","no_mapping_in_repository_runtime_unknown","Find and verify a model-specific merchant item URL"
"shark-spartan-gt-pro","Helmet","Shark","Spartan GT Pro","needs_exact_retailer_listing","","2026-09-09","Shark official Spartan GT Pro product page","https://www.shark-helmets.com/en/products/spartan-gt-pro-flagstaff-he1319ewrb","no_mapping_in_repository_runtime_unknown","Find and verify a model-specific merchant item URL"
"shark-spartan-gt-pro-carbon","Helmet","Shark","Spartan GT Pro Carbon","needs_exact_retailer_listing","","2026-09-09","Shark official Spartan GT Pro Carbon product page","https://www.shark-helmets.com/en/products/spartan-gt-pro-carbon-sthyr-he1308edwu","no_mapping_in_repository_runtime_unknown","Find and verify a model-specific merchant item URL"
"shark-aeron-gp-fim","Helmet","Shark","Aeron GP FIM","needs_exact_retailer_listing","","2026-09-09","Shark official Aeron GP FIM product page","https://www.shark-helmets.com/en/products/aeron-gp-fim-full-carbon-he1010edkd","no_mapping_in_repository_runtime_unknown","Find and verify a model-specific merchant item URL"
"shark-skwal-i3-rhad","Helmet","Shark","SKWAL i3 Rhad","exact_retailer_editorial","https://ridemanila.com/products/shark-skwal-i3-rhad-helmet","2026-08-26","Shark official SKWAL i3 specifications with Ride Manila Philippine price","https://www.shark-helmets.com/en/products/skwal-i3-rhad-he0820ekua","no_mapping_in_repository_runtime_unknown","Create approved exact-item tracked link, then test mobile/desktop redirect"
"shark-spartan-gt-pro-carbon-dokhta","Helmet","Shark","Spartan GT Pro Carbon Dokhta","exact_retailer_editorial","https://ridemanila.com/products/shark-spartan-gt-pro-carbon-dokhta","2026-08-26","Ride Manila current Philippine Shark Spartan GT Pro Carbon Dokhta listing","https://ridemanila.com/products/shark-spartan-gt-pro-carbon-dokhta","no_mapping_in_repository_runtime_unknown","Create approved exact-item tracked link, then test mobile/desktop redirect"
"mt-thunder-4-sv","Helmet","MT","Thunder 4 SV","needs_exact_retailer_listing","","2026-09-09","MT Helmets official 2025 catalogue and Thunder 4 SV page","https://mthelmets.com/en/products/thunder-4-sv-pure-a2-matt","no_mapping_in_repository_runtime_unknown","Find and verify a model-specific merchant item URL"
"mt-atom-2-sv","Helmet","MT","Atom 2 SV","needs_exact_retailer_listing","","2026-09-09","MT Helmets official 2025 catalogue and Atom 2 SV page","https://mthelmets.com/en/products/atom-2-sv-pure-a2-matt","no_mapping_in_repository_runtime_unknown","Find and verify a model-specific merchant item URL"
"mt-braker-sv","Helmet","MT","Braker SV","needs_exact_retailer_listing","","2026-09-09","MT Helmets official Braker SV product page and 2025 catalogue","https://mthelmets.com/en/products/braker-sv-pure-a0-gloss","no_mapping_in_repository_runtime_unknown","Find and verify a model-specific merchant item URL"
"mt-streetfighter-sv-s","Helmet","MT","Streetfighter SV","needs_exact_retailer_listing","","2026-09-09","MT Helmets official Streetfighter SV S collection and catalogue","https://mthelmets.com/en/collections/streetfighter-sv-s","no_mapping_in_repository_runtime_unknown","Find and verify a model-specific merchant item URL"
"mt-thunder-4-sv-pd-solid","Helmet","MT","Thunder 4 SV PD Solid","shopee_exact_editorial","https://shopee.ph/MT-THUNDER-4-SV-PD-SOLID-Full-Face-Dual-Visor-Motorcycle-Helmet-ECE-CERTIFIED-Free-Clear-Visor-i.145958898.20881431496","2026-08-26","Spyder Philippines Official marketplace listing for MT Thunder 4 SV PD Solid","https://shopee.ph/MT-THUNDER-4-SV-PD-SOLID-Full-Face-Dual-Visor-Motorcycle-Helmet-ECE-CERTIFIED-Free-Clear-Visor-i.145958898.20881431496","no_mapping_in_repository_runtime_unknown","Create approved exact-item tracked link, then test mobile/desktop redirect"
"mt-atom-2-sv-pd-pure","Helmet","MT","Atom 2 SV PD Pure","shopee_exact_editorial","https://shopee.ph/NEW-RELEASE-MT-ATOM-2-SV-PD-PURE-Modular-Dual-Visor-Motorcycle-Helmet-ECE-CERTIFIED-i.145958898.46563835067","2026-08-26","Spyder Philippines Official marketplace listing for MT Atom 2 SV PD Pure","https://shopee.ph/NEW-RELEASE-MT-ATOM-2-SV-PD-PURE-Modular-Dual-Visor-Motorcycle-Helmet-ECE-CERTIFIED-i.145958898.46563835067","no_mapping_in_repository_runtime_unknown","Create approved exact-item tracked link, then test mobile/desktop redirect"
"bell-eliminator","Helmet","Bell","Eliminator","needs_exact_retailer_listing","","2026-09-09","Bell official Eliminator product page","https://www.bellhelmets.com/product/eliminator/250030001300000001.html","no_mapping_in_repository_runtime_unknown","Find and verify a model-specific merchant item URL"
"bell-lithium-mips","Helmet","Bell","Lithium MIPS","needs_exact_retailer_listing","","2026-09-09","Bell official Lithium MIPS product page","https://www.bellhelmets.com/product/lithium-mips/250070001600000002.html","no_mapping_in_repository_runtime_unknown","Find and verify a model-specific merchant item URL"
"bell-race-star-dlx-flex","Helmet","Bell","Race Star DLX Flex","needs_exact_retailer_listing","","2026-09-09","Bell official Race Star DLX Flex product page","https://www.bellhelmets.com/product/race-star-dlx-flex/250070000200000005.html","no_mapping_in_repository_runtime_unknown","Find and verify a model-specific merchant item URL"
"bell-qualifier-dlx-mips","Helmet","Bell","Qualifier DLX MIPS","needs_exact_retailer_listing","","2026-08-26","Bell official Qualifier DLX MIPS specifications with current Casco Market PH observed price","https://www.bellhelmets.com/product/ps-qualifier-dlx-mips-mat-blk-xs/BL-7081135.html","no_mapping_in_repository_runtime_unknown","Find and verify a model-specific merchant item URL"
"bell-custom-500","Helmet","Bell","Custom 500","shopee_exact_editorial","https://shopee.ph/BELL-CUSTOM-500-For-Classic-Motorcycles-i.443450764.22143265549","2026-08-26","Bell official Custom 500 specifications with current Philippine marketplace price","https://www.bellhelmets.com/product/custom-500/250030000200000001.html","no_mapping_in_repository_runtime_unknown","Create approved exact-item tracked link, then test mobile/desktop redirect"
"arai-rapide-neo","Helmet","Arai","Rapide Neo","exact_retailer_editorial","https://shopmotoman.com/products/arai-rapide-neo","2026-08-24","Motoman Philippines Arai Rapide Neo product listing","https://shopmotoman.com/products/arai-rapide-neo","no_mapping_in_repository_runtime_unknown","Create approved exact-item tracked link, then test mobile/desktop redirect"
"arai-tour-cross-v","Helmet","Arai","Tour Cross V","exact_retailer_editorial","https://shopmotoman.com/products/arai-tour-cross-v-alumina-silver","2026-08-24","Motoman Philippines Arai Tour Cross V listing","https://shopmotoman.com/products/arai-tour-cross-v-alumina-silver","no_mapping_in_repository_runtime_unknown","Create approved exact-item tracked link, then test mobile/desktop redirect"
"ls2-drifter","Helmet","LS2","OF606 Drifter","needs_exact_retailer_listing","","2026-09-09","LS2 official OF606 Drifter product page","https://ls2helmets.com/helmets/open-face/drifter","no_mapping_in_repository_runtime_unknown","Find and verify a model-specific merchant item URL"
"ls2-classy","Helmet","LS2","OF620 Classy","needs_exact_retailer_listing","","2026-09-09","LS2 official OF620 Classy product page","https://ls2helmets.com/helmets/open-face/classy","no_mapping_in_repository_runtime_unknown","Find and verify a model-specific merchant item URL"
"ls2-copter-ii","Helmet","LS2","OF600 Copter II","needs_exact_retailer_listing","","2026-09-09","LS2 official OF600 Copter II product page","https://ls2helmets.com/helmets/open-face/copter-ii","no_mapping_in_repository_runtime_unknown","Find and verify a model-specific merchant item URL"
"ls2-spitfire-ii","Helmet","LS2","OF599 Spitfire II","needs_exact_retailer_listing","","2026-09-09","LS2 official OF599 Spitfire II product page","https://ls2helmets.com/helmets/open-face/spitfire-ii","no_mapping_in_repository_runtime_unknown","Find and verify a model-specific merchant item URL"
"ls2-sphere-lux-ii","Helmet","LS2","OF558 Sphere Lux II","needs_exact_retailer_listing","","2026-09-09","LS2 official OF558 Sphere Lux II product page","https://ls2helmets.com/helmets/open-face/sphere-lux-ii","no_mapping_in_repository_runtime_unknown","Find and verify a model-specific merchant item URL"
"ls2-airflow-ii","Helmet","LS2","OF616 Airflow II","needs_exact_retailer_listing","","2026-09-09","LS2 official OF616 Airflow II product page","https://ls2helmets.com/helmets/open-face/airflow-ii","no_mapping_in_repository_runtime_unknown","Find and verify a model-specific merchant item URL"
"ls2-sphere-ii","Helmet","LS2","OF558 Sphere II","needs_exact_retailer_listing","","2026-09-09","LS2 official OF558 Sphere II product page","https://ls2helmets.com/helmets/open-face/sphere-ii","no_mapping_in_repository_runtime_unknown","Find and verify a model-specific merchant item URL"
"ls2-explorer-carbon","Helmet","LS2","MX701 Explorer Carbon","needs_exact_retailer_listing","","2026-09-09","LS2 official MX701 Explorer Carbon product page","https://ls2helmets.com/helmets/adventure/explorer-carbon","no_mapping_in_repository_runtime_unknown","Find and verify a model-specific merchant item URL"
"ls2-explorer","Helmet","LS2","MX701 Explorer","needs_exact_retailer_listing","","2026-09-09","LS2 official MX701 Explorer product page","https://ls2helmets.com/helmets/adventure/explorer","no_mapping_in_repository_runtime_unknown","Find and verify a model-specific merchant item URL"
"ls2-pioneer-ii","Helmet","LS2","MX702 Pioneer II","needs_exact_retailer_listing","","2026-09-09","LS2 official 2025-2026 catalogue and MX702 Pioneer II product page","https://ls2helmets.com/helmets/adventure/pioneer-ii","no_mapping_in_repository_runtime_unknown","Find and verify a model-specific merchant item URL"
"ls2-x-force-pro","Helmet","LS2","MX703 X-Force Pro","needs_exact_retailer_listing","","2026-09-09","LS2 official MX703 X-Force Pro product page","https://ls2helmets.com/helmets/off-road/x-force-pro","no_mapping_in_repository_runtime_unknown","Find and verify a model-specific merchant item URL"
"ls2-x-force","Helmet","LS2","MX703 X-Force","needs_exact_retailer_listing","","2026-09-09","LS2 official MX703 X-Force product page","https://ls2helmets.com/helmets/off-road/x-force","no_mapping_in_repository_runtime_unknown","Find and verify a model-specific merchant item URL"
"ls2-subverter-evo-ii","Helmet","LS2","MX700 Subverter Evo II","needs_exact_retailer_listing","","2026-09-09","LS2 official MX700 Subverter Evo II product page","https://ls2helmets.com/helmets/off-road/subverter-evo-ii","no_mapping_in_repository_runtime_unknown","Find and verify a model-specific merchant item URL"
"ls2-fast-ii","Helmet","LS2","MX708 Fast II","needs_exact_retailer_listing","","2026-09-09","LS2 official MX708 Fast II product page","https://ls2helmets.com/helmets/off-road/fast-ii","no_mapping_in_repository_runtime_unknown","Find and verify a model-specific merchant item URL"
"ls2-kid","Helmet","LS2","FF812 Kid","needs_exact_retailer_listing","","2026-09-09","LS2 official FF812 Kid product page","https://ls2helmets.com/helmets/junior/kid","no_mapping_in_repository_runtime_unknown","Find and verify a model-specific merchant item URL"
"ls2-funny-ii","Helmet","LS2","OF622 Funny II","needs_exact_retailer_listing","","2026-09-09","LS2 official OF622 Funny II product page","https://ls2helmets.com/helmets/junior/funny-ii","no_mapping_in_repository_runtime_unknown","Find and verify a model-specific merchant item URL"
"ls2-fast-evo-ii-mini","Helmet","LS2","MX437 Fast Evo II Mini","needs_exact_retailer_listing","","2026-09-09","LS2 official MX437 Fast Evo II Mini product page","https://ls2helmets.com/helmets/junior/fast-evo-ii-mini","no_mapping_in_repository_runtime_unknown","Find and verify a model-specific merchant item URL"
"ls2-thunder-gp-aero","Helmet","LS2","FF805 Thunder GP Aero","needs_exact_retailer_listing","","2026-09-09","LS2 official FF805 Thunder GP Aero product page","https://ls2helmets.com/helmets/full-face/thunder-gp-aero","no_mapping_in_repository_runtime_unknown","Find and verify a model-specific merchant item URL"
"ls2-vector-ii-carbon","Helmet","LS2","FF811 Vector II Carbon","needs_exact_retailer_listing","","2026-09-09","LS2 official FF811 Vector II Carbon product page","https://ls2helmets.com/helmets/full-face/vector-ii-carbon","no_mapping_in_repository_runtime_unknown","Find and verify a model-specific merchant item URL"
"ls2-challenger-ii","Helmet","LS2","FF817 Challenger II","needs_exact_retailer_listing","","2026-09-09","LS2 official FF817 Challenger II product page","https://ls2helmets.com/helmets/full-face/challenger-ii","no_mapping_in_repository_runtime_unknown","Find and verify a model-specific merchant item URL"
"ls2-vector-ii","Helmet","LS2","FF811 Vector II","needs_exact_retailer_listing","","2026-09-09","LS2 official FF811 Vector II product page","https://ls2helmets.com/helmets/full-face/vector-ii","no_mapping_in_repository_runtime_unknown","Find and verify a model-specific merchant item URL"
"ls2-storm-iii","Helmet","LS2","FF818 Storm III","needs_exact_retailer_listing","","2026-09-09","LS2 official FF818 Storm III product page","https://ls2helmets.com/helmets/full-face/storm-iii","no_mapping_in_repository_runtime_unknown","Find and verify a model-specific merchant item URL"
"ls2-stream-ii","Helmet","LS2","FF808 Stream II","needs_exact_retailer_listing","","2026-09-09","LS2 official FF808 Stream II product page","https://ls2helmets.com/helmets/full-face/stream-ii","no_mapping_in_repository_runtime_unknown","Find and verify a model-specific merchant item URL"
"ls2-rapid-iii","Helmet","LS2","FF820 Rapid III","needs_exact_retailer_listing","","2026-09-09","LS2 official FF820 Rapid III product page","https://ls2helmets.com/helmets/full-face/rapid-iii","no_mapping_in_repository_runtime_unknown","Find and verify a model-specific merchant item URL"
"ls2-advant-x-carbon","Helmet","LS2","FF901 Advant X Carbon","needs_exact_retailer_listing","","2026-09-09","LS2 official FF901 Advant X Carbon product page","https://ls2helmets.com/helmets/modular/advant-x-carbon","no_mapping_in_repository_runtime_unknown","Find and verify a model-specific merchant item URL"
"ls2-advant-x","Helmet","LS2","FF901 Advant X","needs_exact_retailer_listing","","2026-09-09","LS2 official FF901 Advant X product page","https://ls2helmets.com/helmets/modular/advant-x","no_mapping_in_repository_runtime_unknown","Find and verify a model-specific merchant item URL"
"ls2-advant","Helmet","LS2","FF906 Advant","needs_exact_retailer_listing","","2026-09-09","LS2 official FF906 Advant product page","https://ls2helmets.com/helmets/modular/advant","no_mapping_in_repository_runtime_unknown","Find and verify a model-specific merchant item URL"
"ls2-scope-ii","Helmet","LS2","FF902 Scope II","needs_exact_retailer_listing","","2026-09-09","LS2 official FF902 Scope II product page","https://ls2helmets.com/helmets/modular/scope-ii","no_mapping_in_repository_runtime_unknown","Find and verify a model-specific merchant item URL"
"ls2-strobe-ii","Helmet","LS2","FF908 Strobe II","needs_exact_retailer_listing","","2026-09-09","LS2 official FF908 Strobe II product page","https://ls2helmets.com/helmets/modular/strobe-ii","no_mapping_in_repository_runtime_unknown","Find and verify a model-specific merchant item URL"
"ls2-bob-ii-carbon","Helmet","LS2","OF601 Bob II Carbon","needs_exact_retailer_listing","","2026-09-09","LS2 official OF601 Bob II Carbon product page","https://ls2helmets.com/helmets/open-face/bob-ii-carbon","no_mapping_in_repository_runtime_unknown","Find and verify a model-specific merchant item URL"
"ls2-bob-ii","Helmet","LS2","OF601 Bob II","needs_exact_retailer_listing","","2026-09-09","LS2 official OF601 Bob II product page","https://ls2helmets.com/helmets/open-face/bob-ii","no_mapping_in_repository_runtime_unknown","Find and verify a model-specific merchant item URL"
"ls2-infinity-ii-carbon","Helmet","LS2","OF603 Infinity II Carbon","needs_exact_retailer_listing","","2026-09-09","LS2 official OF603 Infinity II Carbon product page","https://ls2helmets.com/helmets/open-face/infinity-ii-carbon","no_mapping_in_repository_runtime_unknown","Find and verify a model-specific merchant item URL"
"ls2-infinity-ii","Helmet","LS2","OF603 Infinity II","needs_exact_retailer_listing","","2026-09-09","LS2 official OF603 Infinity II product page","https://ls2helmets.com/helmets/open-face/infinity-ii","no_mapping_in_repository_runtime_unknown","Find and verify a model-specific merchant item URL"
"ls2-verso-ii","Helmet","LS2","OF618 Verso II","needs_exact_retailer_listing","","2026-09-09","LS2 official OF618 Verso II product page","https://ls2helmets.com/helmets/open-face/verso-ii","no_mapping_in_repository_runtime_unknown","Find and verify a model-specific merchant item URL"
"ls2-thunder-gp-pro","Helmet","LS2","FF805 Thunder GP Pro","exact_retailer_editorial","https://www.motoworld.com.ph/products/ls2-ff805c-thunder-gp-pro-fim-helmet","2026-08-26","LS2 official Thunder GP Pro specifications with Motoworld Philippines price","https://ls2helmets.com/helmets/full-face/thunder-gp-pro","no_mapping_in_repository_runtime_unknown","Create approved exact-item tracked link, then test mobile/desktop redirect"
"ls2-dragon","Helmet","LS2","FF807 Dragon","exact_retailer_editorial","https://www.motoworld.com.ph/products/ls2-ff807-dragon-c-full-face-helmet","2026-08-26","LS2 official FF807 Dragon specifications with Motoworld Philippines price","https://ls2helmets.com/en/helmets/full-face/dragon","no_mapping_in_repository_runtime_unknown","Create approved exact-item tracked link, then test mobile/desktop redirect"
"ls2-advant-ii","Helmet","LS2","FF910 Advant II","needs_exact_retailer_listing","","2026-08-26","LS2 official Advant II specifications with Motoworld Philippines price","https://ls2helmets.com/helmets/modular/advant-ii","no_mapping_in_repository_runtime_unknown","Find and verify a model-specific merchant item URL"
"nhk-s2-ultimate","Helmet","NHK","S2 Ultimate","needs_exact_retailer_listing","","2026-09-09","NHK official S2 Ultimate product page","https://nhkhelmet.com/s2-ultimate/","no_mapping_in_repository_runtime_unknown","Find and verify a model-specific merchant item URL"
"nhk-s2-gp","Helmet","NHK","S2 GP","needs_exact_retailer_listing","","2026-09-09","NHK official S2 GP product page","https://nhkhelmet.com/s2-gp-2v/","no_mapping_in_repository_runtime_unknown","Find and verify a model-specific merchant item URL"
"nhk-gt-avenger-mark-ii","Helmet","NHK","GT Avenger Mark II","needs_exact_retailer_listing","","2026-09-09","NHK official GT Avenger Mark II product page","https://nhkhelmet.com/gt-avenger-mark2/","no_mapping_in_repository_runtime_unknown","Find and verify a model-specific merchant item URL"
"nhk-r1","Helmet","NHK","R1","needs_exact_retailer_listing","","2026-09-09","NHK official R1 product page and manual","https://nhkhelmet.com/r1-2/","no_mapping_in_repository_runtime_unknown","Find and verify a model-specific merchant item URL"
"nhk-r6","Helmet","NHK","R6","needs_exact_retailer_listing","","2026-09-09","NHK official R6 product page and manual","https://nhkhelmet.com/r6/","no_mapping_in_repository_runtime_unknown","Find and verify a model-specific merchant item URL"
"nhk-c1","Helmet","NHK","C1","needs_exact_retailer_listing","","2026-09-09","NHK official C1 product page","https://nhkhelmet.com/c1/","no_mapping_in_repository_runtime_unknown","Find and verify a model-specific merchant item URL"
"nhk-n1-max","Helmet","NHK","N1 Max","needs_exact_retailer_listing","","2026-09-09","NHK official N1 Max product page","https://nhkhelmet.com/n1-max/","no_mapping_in_repository_runtime_unknown","Find and verify a model-specific merchant item URL"
"nhk-n1-elite","Helmet","NHK","N1 Elite","needs_exact_retailer_listing","","2026-09-09","NHK official N1 Elite product page","https://nhkhelmet.com/n1-elite/","no_mapping_in_repository_runtime_unknown","Find and verify a model-specific merchant item URL"
"nhk-n2-max","Helmet","NHK","N2 Max","needs_exact_retailer_listing","","2026-09-09","NHK official N2 Max product page","https://nhkhelmet.com/n2-max/","no_mapping_in_repository_runtime_unknown","Find and verify a model-specific merchant item URL"
"nhk-n2-elite","Helmet","NHK","N2 Elite","needs_exact_retailer_listing","","2026-09-09","NHK official N2 Elite product page","https://nhkhelmet.com/n2-elite/","no_mapping_in_repository_runtime_unknown","Find and verify a model-specific merchant item URL"
"nhk-cross-one","Helmet","NHK","Cross One","needs_exact_retailer_listing","","2026-09-09","NHK official Cross One product page","https://nhkhelmet.com/cross-one/","no_mapping_in_repository_runtime_unknown","Find and verify a model-specific merchant item URL"
"nhk-gp-r-tech-street","Helmet","NHK","GP R Tech Street","needs_exact_retailer_listing","","2026-09-09","NHK official GP R Tech Street product page","https://nhkhelmet.com/gp-r-tech-full-face/","no_mapping_in_repository_runtime_unknown","Find and verify a model-specific merchant item URL"
"nhk-rx-9","Helmet","NHK","RX-9","needs_exact_retailer_listing","","2026-09-09","NHK official RX-9 product page","https://nhkhelmet.com/rx-9/","no_mapping_in_repository_runtime_unknown","Find and verify a model-specific merchant item URL"
"nhk-race-pro","Helmet","NHK","Race Pro","needs_exact_retailer_listing","","2026-09-09","NHK official Race Pro product page","https://nhkhelmet.com/race-pro/","no_mapping_in_repository_runtime_unknown","Find and verify a model-specific merchant item URL"
"nhk-terminator-2v","Helmet","NHK","Terminator 2V","needs_exact_retailer_listing","","2026-09-09","NHK official Terminator 2V product page","https://nhkhelmet.com/terminator-2v/","no_mapping_in_repository_runtime_unknown","Find and verify a model-specific merchant item URL"
"nhk-tr-one-1v","Helmet","NHK","TR-One 1V","needs_exact_retailer_listing","","2026-09-09","NHK official TR-One 1V product page","https://nhkhelmet.com/tr-one-1v/","no_mapping_in_repository_runtime_unknown","Find and verify a model-specific merchant item URL"
"nhk-tr-one-2v","Helmet","NHK","TR-One 2V","needs_exact_retailer_listing","","2026-09-09","NHK official TR-One 2V product page","https://nhkhelmet.com/tr-one-2v/","no_mapping_in_repository_runtime_unknown","Find and verify a model-specific merchant item URL"
"nhk-s2-gp-pro","Helmet","NHK","S2 GP Pro","needs_exact_retailer_listing","","2026-09-09","NHK official S2 GP Pro product page","https://nhkhelmet.com/s2-gp-pro/","no_mapping_in_repository_runtime_unknown","Find and verify a model-specific merchant item URL"
"nhk-s1-gp-pro","Helmet","NHK","S1 GP Pro","needs_exact_retailer_listing","","2026-09-09","NHK official S1 GP Pro product page","https://nhkhelmet.com/s1gp-pro/","no_mapping_in_repository_runtime_unknown","Find and verify a model-specific merchant item URL"
"nhk-gp-r-tech-race","Helmet","NHK","GP R Tech Race","needs_exact_retailer_listing","","2026-08-26","NHK official GP R Tech Race product page","https://nhkhelmet.com/gp-r-tech/","no_mapping_in_repository_runtime_unknown","Find and verify a model-specific merchant item URL"
"nhk-terminator-tt","Helmet","NHK","Terminator TT","needs_exact_retailer_listing","","2026-08-26","NHK official Terminator TT product page","https://nhkhelmet.com/terminator/","no_mapping_in_repository_runtime_unknown","Find and verify a model-specific merchant item URL"
"smk-bionic-youth","Helmet","SMK","Bionic Youth","needs_exact_retailer_listing","","2026-09-09","SMK official Bionic Youth product page","https://smkhelmets.com/helmet/full-face-helmets/bionic-youth/bionic-youth-solid/","no_mapping_in_repository_runtime_unknown","Find and verify a model-specific merchant item URL"
"smk-bionic-adult","Helmet","SMK","Bionic Adult","needs_exact_retailer_listing","","2026-09-09","SMK official Bionic Adult product page","https://smkhelmets.com/helmet/full-face-helmets/bionicadult/bionic-adult-kore/","no_mapping_in_repository_runtime_unknown","Find and verify a model-specific merchant item URL"
"smk-agnar","Helmet","SMK","Agnar","needs_exact_retailer_listing","","2026-09-09","SMK official Agnar product page","https://smkhelmets.com/helmet/full-face-helmets/agnar/agnar-solid/","no_mapping_in_repository_runtime_unknown","Find and verify a model-specific merchant item URL"
"smk-titan","Helmet","SMK","Titan","needs_exact_retailer_listing","","2026-09-09","SMK official Titan collection page","https://smkhelmets.com/full-face-helmets/titan/","no_mapping_in_repository_runtime_unknown","Find and verify a model-specific merchant item URL"
"smk-titan-carbon","Helmet","SMK","Titan Carbon","needs_exact_retailer_listing","","2026-09-09","SMK 2026 official catalogue and Titan Carbon collection","https://smkhelmets.com/full-face-helmets/titan-carbon/","no_mapping_in_repository_runtime_unknown","Find and verify a model-specific merchant item URL"
"smk-allterra","Helmet","SMK","Allterra","needs_exact_retailer_listing","","2026-09-09","SMK official Allterra collection page","https://smkhelmets.com/off-road-helmets/allterra/","no_mapping_in_repository_runtime_unknown","Find and verify a model-specific merchant item URL"
"smk-ares","Helmet","SMK","Ares","needs_exact_retailer_listing","","2026-09-09","SMK official Ares product page","https://smkhelmets.com/helmet/dual-sport/ares/ares-solid/","no_mapping_in_repository_runtime_unknown","Find and verify a model-specific merchant item URL"
"smk-laminar","Helmet","SMK","Laminar","needs_exact_retailer_listing","","2026-09-09","SMK official Laminar product page","https://smkhelmets.com/helmet/open-face-helmets/laminar/laminar-solid/","no_mapping_in_repository_runtime_unknown","Find and verify a model-specific merchant item URL"
"smk-retro-jet","Helmet","SMK","Retro Jet","needs_exact_retailer_listing","","2026-09-09","SMK official Retro Jet collection page","https://smkhelmets.com/open-face-helmets/retro-jet/","no_mapping_in_repository_runtime_unknown","Find and verify a model-specific merchant item URL"
"smk-gtj","Helmet","SMK","GTJ","needs_exact_retailer_listing","","2026-09-09","SMK official GTJ product page","https://smkhelmets.com/helmet/open-face-helmets/gtj/tourer/","no_mapping_in_repository_runtime_unknown","Find and verify a model-specific merchant item URL"
"smk-delta-tour","Helmet","SMK","Delta Tour","needs_exact_retailer_listing","","2026-09-09","SMK official Delta Tour product page","https://smkhelmets.com/helmet/demi-jet-helmets/delta-tour/delta-tour-solid/","no_mapping_in_repository_runtime_unknown","Find and verify a model-specific merchant item URL"
"smk-stellar-sport","Helmet","SMK","Stellar Sport","needs_exact_retailer_listing","","2026-09-09","SMK official Stellar Sport product page","https://smkhelmets.com/helmet/full-face-helmets/stellar-sport/flight/","no_mapping_in_repository_runtime_unknown","Find and verify a model-specific merchant item URL"
"smk-nova","Helmet","SMK","Nova","needs_exact_retailer_listing","","2026-09-09","SMK official Nova collection page","https://smkhelmets.com/full-face-helmets/nova/","no_mapping_in_repository_runtime_unknown","Find and verify a model-specific merchant item URL"
"smk-retro","Helmet","SMK","Retro","needs_exact_retailer_listing","","2026-09-09","SMK official Retro collection page","https://smkhelmets.com/full-face-helmets/retro/","no_mapping_in_repository_runtime_unknown","Find and verify a model-specific merchant item URL"
"smk-delta-city","Helmet","SMK","Delta City","needs_exact_retailer_listing","","2026-09-09","SMK official Delta City product page","https://smkhelmets.com/helmet/demi-jet-helmets/delta-city/solid/","no_mapping_in_repository_runtime_unknown","Find and verify a model-specific merchant item URL"
"smk-stellar","Helmet","SMK","Stellar","needs_exact_retailer_listing","","2026-08-26","SMK official Stellar product page and catalogue","https://smkhelmets.com/full-face-helmets/stellar/","no_mapping_in_repository_runtime_unknown","Find and verify a model-specific merchant item URL"
"smk-cygnus","Helmet","SMK","Cygnus","needs_exact_retailer_listing","","2026-08-26","SMK official Cygnus product page","https://smkhelmets.com/helmet/flip-back-helmets/cygnus/cygnus-solid/","no_mapping_in_repository_runtime_unknown","Find and verify a model-specific merchant item URL"
"alpinestars-supertech-r10","Helmet","Alpinestars","Supertech R10","needs_exact_retailer_listing","","2026-08-26","Alpinestars official Supertech R10 product page","https://www.alpinestars.com/products/supertech-r10-solid-helmet","no_mapping_in_repository_runtime_unknown","Find and verify a model-specific merchant item URL"
"alpinestars-supertech-m10","Helmet","Alpinestars","Supertech M10","needs_exact_retailer_listing","","2026-08-26","Alpinestars official Supertech M10 product page","https://www.alpinestars.com/products/supertech-m10-fame-helmet","no_mapping_in_repository_runtime_unknown","Find and verify a model-specific merchant item URL"
"alpinestars-supertech-m8","Helmet","Alpinestars","Supertech M8","needs_exact_retailer_listing","","2026-08-26","Alpinestars official Supertech M8 product page","https://www.alpinestars.com/products/supertech-m8-solid-helmet","no_mapping_in_repository_runtime_unknown","Find and verify a model-specific merchant item URL"
"alpinestars-sm5","Helmet","Alpinestars","SM5","needs_exact_retailer_listing","","2026-08-26","Alpinestars official SM5 product page","https://www.alpinestars.com/products/sm5-solid-helmet-black-matte","no_mapping_in_repository_runtime_unknown","Find and verify a model-specific merchant item URL"
"shoei-x-spr-pro","Helmet","Shoei","X-SPR Pro","needs_exact_retailer_listing","","2026-09-09","Shoei Europe official X-SPR Pro product page","https://www.shoei-europe.com/products/x-spr-pro/","no_mapping_in_repository_runtime_unknown","Find and verify a model-specific merchant item URL"
"shoei-gt-air-3","Helmet","Shoei","GT-Air 3","needs_exact_retailer_listing","","2026-09-09","Shoei Europe official GT-Air 3 product page","https://www.shoei-europe.com/products/gt-air3/","no_mapping_in_repository_runtime_unknown","Find and verify a model-specific merchant item URL"
"shoei-neotec-3","Helmet","Shoei","Neotec 3","needs_exact_retailer_listing","","2026-09-09","Shoei Europe official Neotec 3 product page","https://www.shoei-europe.com/products/neotec3/","no_mapping_in_repository_runtime_unknown","Find and verify a model-specific merchant item URL"
"shoei-j-cruise-3","Helmet","Shoei","J-Cruise 3","needs_exact_retailer_listing","","2026-09-09","Shoei Europe official J-Cruise 3 product page","https://www.shoei-europe.com/products/j-cruise3/","no_mapping_in_repository_runtime_unknown","Find and verify a model-specific merchant item URL"
"shoei-glamster-06","Helmet","Shoei","Glamster 06","needs_exact_retailer_listing","","2026-09-09","Shoei Europe official Glamster 06 product page","https://www.shoei-europe.com/products/glamster/","no_mapping_in_repository_runtime_unknown","Find and verify a model-specific merchant item URL"
"shoei-hornet-adv-06","Helmet","Shoei","Hornet-ADV 06","needs_exact_retailer_listing","","2026-09-09","Shoei Europe official Hornet ADV 06 product page","https://www.shoei-europe.com/products/hornet-adv-06/","no_mapping_in_repository_runtime_unknown","Find and verify a model-specific merchant item URL"
"shoei-vfx-wr-06","Helmet","Shoei","VFX-WR 06","needs_exact_retailer_listing","","2026-09-09","Shoei Europe official VFX-WR 06 product page","https://www.shoei-europe.com/products/vfx-wr/","no_mapping_in_repository_runtime_unknown","Find and verify a model-specific merchant item URL"
"shoei-nxr2","Helmet","Shoei","NXR2","needs_exact_retailer_listing","","2026-08-24","Shoei Europe official product page","https://www.shoei-europe.com/products/nxr2/","no_mapping_in_repository_runtime_unknown","Find and verify a model-specific merchant item URL"
"arai-quantic","Helmet","Arai","Quantic","needs_exact_retailer_listing","","2026-09-09","Arai Europe official Quantic product page","https://www.araihelmet.eu/en/collection/detail/quantic","no_mapping_in_repository_runtime_unknown","Find and verify a model-specific merchant item URL"
"arai-concept-xe","Helmet","Arai","Concept-XE","needs_exact_retailer_listing","","2026-09-09","Arai Europe official Concept-XE product page","https://www.araihelmet.eu/en/collection/detail/concept-xe","no_mapping_in_repository_runtime_unknown","Find and verify a model-specific merchant item URL"
"arai-tour-x5","Helmet","Arai","Tour-X5","needs_exact_retailer_listing","","2026-09-09","Arai official Tour-X5 product page","https://araihelmets.net.au/au/collection/detail/tour-x5","no_mapping_in_repository_runtime_unknown","Find and verify a model-specific merchant item URL"
"arai-rx-7v-evo","Helmet","Arai","RX-7V EVO","needs_exact_retailer_listing","","2026-09-09","Arai Europe official RX-7V EVO product page","https://www.araihelmet.eu/en/collection/detail/rx-7v-evo","no_mapping_in_repository_runtime_unknown","Find and verify a model-specific merchant item URL"
"hnj-818a","Helmet","HNJ","818A","shopee_exact_editorial","https://shopee.ph/HNJ-818A-Motorcycle-Helmets-Half-Face-Motor-Helmet-Dual-Visor-i.1308046206.27563639602","2026-09-09","Current Philippine HNJ 818A marketplace listing","https://shopee.ph/HNJ-818A-Motorcycle-Helmets-Half-Face-Motor-Helmet-Dual-Visor-i.1308046206.27563639602","no_mapping_in_repository_runtime_unknown","Create approved exact-item tracked link, then test mobile/desktop redirect"
"mt-stinger-2","Helmet","MT","Stinger 2","needs_exact_retailer_listing","","2026-09-09","MT Helmets official 2026 Stinger 2 collection","https://mthelmets.com/en/collections/stinger-2","no_mapping_in_repository_runtime_unknown","Find and verify a model-specific merchant item URL"
"mt-targo-s","Helmet","MT","Targo S","needs_exact_retailer_listing","","2026-09-09","MT Helmets official 2026 Targo S collection","https://mthelmets.com/en/collections/targo-s","no_mapping_in_repository_runtime_unknown","Find and verify a model-specific merchant item URL"
"bell-srt-modular","Helmet","Bell","SRT-Modular","needs_exact_retailer_listing","","2026-09-09","Bell Helmets official SRT-Modular product page","https://www.bellhelmets.com/product/srt-modular/250070000800000001.html","no_mapping_in_repository_runtime_unknown","Find and verify a model-specific merchant item URL"
"bell-mx-9-adv-mips","Helmet","Bell","MX-9 ADV MIPS","needs_exact_retailer_listing","","2026-09-09","Bell Helmets official MX-9 ADV MIPS product page","https://www.bellhelmets.com/product/mx-9-adv-mips/250040000300000001.html","no_mapping_in_repository_runtime_unknown","Find and verify a model-specific merchant item URL"
"shark-d-skwal-3","Helmet","Shark","D-SKWAL 3","needs_exact_retailer_listing","","2026-09-09","Shark Helmets official D-SKWAL 3 product page","https://www.shark-helmets.com/en/products/d-skwal-3-blank-he0900eblk","no_mapping_in_repository_runtime_unknown","Find and verify a model-specific merchant item URL"
"shark-ridill-2","Helmet","Shark","RIDILL 2","needs_exact_retailer_listing","","2026-09-09","Shark Helmets official RIDILL 2 product page","https://www.shark-helmets.com/en/products/ridill-2-bersek-he1122ekga","no_mapping_in_repository_runtime_unknown","Find and verify a model-specific merchant item URL"
"nhk-k5r","Helmet","NHK","K5R","needs_exact_retailer_listing","","2026-09-09","NHK official K5R model and 2026 collection page","https://nhkhelmet.com/k5r/","no_mapping_in_repository_runtime_unknown","Find and verify a model-specific merchant item URL"
"nhk-gp-prime","Helmet","NHK","GP Prime","needs_exact_retailer_listing","","2026-09-09","NHK official GP Prime model page","https://nhkhelmet.com/gp-prime/","no_mapping_in_repository_runtime_unknown","Find and verify a model-specific merchant item URL"
"smk-typhoon","Helmet","SMK","Typhoon","needs_exact_retailer_listing","","2026-09-09","SMK Helmets official Typhoon collection","https://smkhelmets.com/full-face-helmets/typhoon/","no_mapping_in_repository_runtime_unknown","Find and verify a model-specific merchant item URL"
"smk-gullwing","Helmet","SMK","Gullwing","needs_exact_retailer_listing","","2026-09-09","SMK Helmets official Gullwing modular collection","https://smkhelmets.com/modular-helmets/gullwing/","no_mapping_in_repository_runtime_unknown","Find and verify a model-specific merchant item URL"
"michelin-city-grip-2","Tire","Michelin","City Grip 2","needs_exact_retailer_listing","","2026-08-26","Michelin official City Grip 2 product and size data","https://africa.michelin.com/en/motorbike/tyres/michelin-city-grip-2","no_mapping_in_repository_runtime_unknown","Find and verify a model-specific merchant item URL"
"pirelli-angel-scooter","Tire","Pirelli","Angel Scooter","needs_exact_retailer_listing","","2026-08-25","Pirelli official Angel Scooter size catalog","https://www.pirelli.com/tyres/en-ww/motorcycle/catalogue/product/angel-scooter/80_90r10_rear?structure=default","no_mapping_in_repository_runtime_unknown","Find and verify a model-specific merchant item URL"
"dunlop-scootsmart","Tire","Dunlop","ScootSmart","needs_exact_retailer_listing","","2026-08-26","Dunlop official ScootSmart size catalog","https://www.dunlop.eu/nl_be/motorcycle/tires/scootsmart--scsmart.html","no_mapping_in_repository_runtime_unknown","Find and verify a model-specific merchant item URL"
"givi-v58-maxia-5","Top box","GIVI","V58 Maxia 5","exact_retailer_editorial","https://www.motoworld.com.ph/collections/givi-top-boxes/products/givi-v58-maxia-5-topcase-mk-58l","2026-09-04","Motoworld Philippines GIVI V58 Maxia 5 product listing","https://www.motoworld.com.ph/collections/givi-top-boxes/products/givi-v58-maxia-5-topcase-mk-58l","no_mapping_in_repository_runtime_unknown","Create approved exact-item tracked link, then test mobile/desktop redirect"
"givi-trekker-dolomiti-30","Top box","GIVI","Trekker Dolomiti 30","exact_retailer_editorial","https://shop.motoworld.com.ph/collections/bags-amp-luggages-top-cases/products/givi-trekker-dolomiti-mk-top-cases-30ltr","2026-09-04","Motoworld Philippines GIVI Trekker Dolomiti 30L product listing","https://shop.motoworld.com.ph/collections/bags-amp-luggages-top-cases/products/givi-trekker-dolomiti-mk-top-cases-30ltr","no_mapping_in_repository_runtime_unknown","Create approved exact-item tracked link, then test mobile/desktop redirect"
"givi-b32n","Top box","GIVI","B32N","needs_exact_retailer_listing","","2026-08-25","GIVI official B32N product page","https://www.givi.it/prodotti-givi/bauletti-moto-e-scooter/bauletti-in-plastica/b32n","no_mapping_in_repository_runtime_unknown","Find and verify a model-specific merchant item URL"
"shad-sh39","Top box","SHAD","SH39","needs_exact_retailer_listing","","2026-08-25","SHAD official SH39 product page","https://www.shad.es/en/motorcycle-cases/top-cases-motorcycle-cases/top-case-sh39-carbon/","no_mapping_in_repository_runtime_unknown","Find and verify a model-specific merchant item URL"
"shad-sh33","Top box","SHAD","SH33","needs_exact_retailer_listing","","2026-09-23","SHAD official Philippines SH33 product page","https://www.shad.es/tl/motorcycle-cases/top-cases/top-case-sh33-black/","no_mapping_in_repository_runtime_unknown","Find and verify a model-specific merchant item URL"
"shad-sh29","Top box","SHAD","SH29","needs_exact_retailer_listing","","2026-09-23","SHAD official Philippines SH29 product page","https://www.shad.es/tl/motorcycle-cases/top-cases/top-case-sh29-black/","no_mapping_in_repository_runtime_unknown","Find and verify a model-specific merchant item URL"
"coocase-s28-vivo","Top box","Coocase","S28 Vivo","needs_exact_retailer_listing","","2026-08-26","COOCASE current top-case catalogue","https://www.coocase.com/wp-content/uploads/2026/03/19c89da2d43ee1c6491_compressed.pdf","no_mapping_in_repository_runtime_unknown","Find and verify a model-specific merchant item URL"
"coocase-v28-fusion","Top box","Coocase","V28 Fusion","needs_exact_retailer_listing","","2026-08-26","COOCASE current top-case catalogue","https://www.coocase.com/wp-content/uploads/2026/03/19c89da2d43ee1c6491_compressed.pdf","no_mapping_in_repository_runtime_unknown","Find and verify a model-specific merchant item URL"
"coocase-v36-wizard","Top box","Coocase","V36 Wizard","needs_exact_retailer_listing","","2026-08-26","COOCASE current top-case catalogue","https://www.coocase.com/wp-content/uploads/2026/03/19c89da2d43ee1c6491_compressed.pdf","no_mapping_in_repository_runtime_unknown","Find and verify a model-specific merchant item URL"
"coocase-s48-astra","Top box","Coocase","S48 Astra","needs_exact_retailer_listing","","2026-08-26","COOCASE current top-case catalogue","https://www.coocase.com/wp-content/uploads/2026/03/19c89da2d43ee1c6491_compressed.pdf","no_mapping_in_repository_runtime_unknown","Find and verify a model-specific merchant item URL"
"coocase-v50-reflex","Top box","Coocase","V50 Reflex","needs_exact_retailer_listing","","2026-08-26","COOCASE current top-case catalogue","https://www.coocase.com/wp-content/uploads/2026/03/19c89da2d43ee1c6491_compressed.pdf","no_mapping_in_repository_runtime_unknown","Find and verify a model-specific merchant item URL"
